index,Allocation
BMM,0.2039194438349996
BMV,0.14771257490297104
BMY,0.015785183321464325
CTM,0.008356242250894316
DHG,0.00609597057477051
DJN,0.06852994375194625
DPI,0.012636342036462096
FWO,0.06350937030306282
GQI,0.13831010012354075
OTU,0.00473389405243115
RBO,0.008049659660851126
SNE,0.03492591211808243
TBS,0.09760029678311175
TWX,0.01940494300544558
UXF,0.15724809530086503
YSP,0.013182027979116879
